{
    "geopotential": {
        "mean": 49737.74609375,
        "std": 48618.328125
    },
    "specific_humidity": {
        "mean": 0.0025008658412843943,
        "std": 0.0039627947844564915
    },
    "temperature": {
        "mean": 255.8671875,
        "std": 26.744443893432617
    },
    "u_component_of_wind": {
        "mean": 5.7400665283203125,
        "std": 12.218002319335938
    },
    "v_component_of_wind": {
        "mean": -0.037665270268917084,
        "std": 8.505813598632812
    },
    "vertical_velocity": {
        "mean": 0.0050027514807879925,
        "std": 0.20692208409309387
    }
}