{
  "bands": [
    "1",
    "2",
    "3",
    "4",
    "5",
    "6",
    "7",
    "8",
    "9",
    "10",
    "11",
    "12",
    "13lo",
    "13hi",
    "14lo",
    "14hi",
    "15",
    "16",
    "17",
    "18",
    "19",
    "20",
    "21",
    "22",
    "23",
    "24",
    "25",
    "26",
    "27",
    "28",
    "29",
    "30",
    "31",
    "32",
    "33",
    "34",
    "35",
    "36"
  ],
  "min": [
    0.8440800309181213,
    0.37833791971206665,
    2.0963473320007324,
    1.063225269317627,
    0.06197570636868477,
    0.021609695628285408,
    0.007464164402335882,
    2.0678958892822266,
    2.170726776123047,
    1.855323076248169,
    1.3882396221160889,
    1.2525968551635742,
    0.9407464861869812,
    0.942821741104126,
    0.928483784198761,
    0.9327005743980408,
    0.775536835193634,
    0.3830505609512329,
    0.23477637767791748,
    0.28922560811042786,
    0.22930316627025604,
    0.004763894714415073,
    0.0013847296359017491,
    0.003418496809899807,
    0.004543161951005459,
    0.009358136914670467,
    0.0068053812719881535,
    -0.8968414664268494,
    0.030846256762742996,
    0.10517603158950806,
    0.20945534110069275,
    0.7454680800437927,
    0.4406399428844452,
    0.5435449481010437,
    0.7265165448188782,
    0.8199440836906433,
    0.9427629113197327,
    1.0366511344909668
  ],
  "max": [
    618.3743896484375,
    249.04774475097656,
    752.2161254882812,
    609.9041748046875,
    151.58700561523438,
    72.16105651855469,
    24.36129379272461,
    338.3434143066406,
    200.00714111328125,
    131.30853271484375,
    96.63851165771484,
    76.22438049316406,
    37.35165786743164,
    18.40402603149414,
    36.99272537231445,
    13.38260269165039,
    29.152008056640625,
    19.983686447143555,
    166.6657257080078,
    275.18670654296875,
    207.20709228515625,
    2.069643259048462,
    90.38700103759766,
    2.309999942779541,
    2.68153977394104,
    0.9988324642181396,
    1.7598872184753418,
    83.7978286743164,
    3.5396463871002197,
    5.8600006103515625,
    16.77882957458496,
    12.600360870361328,
    16.68804168701172,
    15.010433197021484,
    7.821685791015625,
    5.9775543212890625,
    4.732919692993164,
    3.030824899673462
  ],
  "band_wavelengths": [
    0.645,
    0.8585,
    0.469,
    0.555,
    1.24,
    1.64,
    2.13,
    0.4125,
    0.443,
    0.488,
    0.531,
    0.551,
    0.667,
    0.667,
    0.678,
    0.678,
    0.748,
    0.8695,
    0.905,
    0.936,
    0.94,
    3.75,
    3.959,
    3.959,
    4.05,
    4.4655,
    4.5155,
    1.375,
    6.715,
    7.325,
    8.55,
    9.73,
    11.03,
    12.02,
    13.335,
    13.635,
    13.935,
    14.235
  ]
}